{
  "archetype_group_counts": {
    "applied_ml": 5,
    "data_backend_adjacent": 864,
    "direct_occupation": 358,
    "general_professional": 5190,
    "general_software": 3354,
    "generic_ml": 164
  },
  "behavior_by_archetype": {
    "applied_ml": {
      "candidate_count": 150,
      "features": {
        "inactive_days": {
          "mean": 42.32666666666667,
          "median": 45.5,
          "p10": 11.0,
          "p90": 72.1
        },
        "interview_completion": {
          "mean": 0.7732000000000001,
          "median": 0.79,
          "p10": 0.6,
          "p90": 0.94
        },
        "notice_period_days": {
          "mean": 62.8,
          "median": 60.0,
          "p10": 28.500000000000007,
          "p90": 120.0
        },
        "open_to_work": {
          "mean": 0.7333333333333333,
          "median": 1.0,
          "p10": 0.0,
          "p90": 1.0
        },
        "response_rate": {
          "mean": 0.6680666666666668,
          "median": 0.66,
          "p10": 0.47,
          "p90": 0.8709999999999999
        },
        "response_time_hours": {
          "mean": 40.60466666666667,
          "median": 39.150000000000006,
          "p10": 7.8,
          "p90": 72.35
        },
        "saved_by_recruiters": {
          "mean": 33.03333333333333,
          "median": 33.5,
          "p10": 9.0,
          "p90": 59.0
        },
        "willing_to_relocate": {
          "mean": 0.44666666666666666,
          "median": 0.0,
          "p10": 0.0,
          "p90": 1.0
        }
      }
    },
    "data_backend_adjacent": {
      "candidate_count": 5000,
      "features": {
        "inactive_days": {
          "mean": 70.2822,
          "median": 71.0,
          "p10": 18.0,
          "p90": 122.0
        },
        "interview_completion": {
          "mean": 0.712392000000003,
          "median": 0.71,
          "p10": 0.5,
          "p90": 0.93
        },
        "notice_period_days": {
          "mean": 82.746,
          "median": 90.0,
          "p10": 30.0,
          "p90": 120.0
        },
        "open_to_work": {
          "mean": 0.5054,
          "median": 1.0,
          "p10": 0.0,
          "p90": 1.0
        },
        "response_rate": {
          "mean": 0.4890460000000101,
          "median": 0.49,
          "p10": 0.22,
          "p90": 0.75
        },
        "response_time_hours": {
          "mean": 92.82051999999987,
          "median": 93.0,
          "p10": 21.590000000000003,
          "p90": 162.2
        },
        "saved_by_recruiters": {
          "mean": 14.9926,
          "median": 15.0,
          "p10": 3.0,
          "p90": 27.0
        },
        "willing_to_relocate": {
          "mean": 0.3454,
          "median": 0.0,
          "p10": 0.0,
          "p90": 1.0
        }
      }
    },
    "direct_occupation": {
      "candidate_count": 5517,
      "features": {
        "inactive_days": {
          "mean": 125.28366866050389,
          "median": 124.0,
          "p10": 29.0,
          "p90": 221.0
        },
        "interview_completion": {
          "mean": 0.5891390248323473,
          "median": 0.59,
          "p10": 0.36,
          "p90": 0.82
        },
        "notice_period_days": {
          "mean": 85.47036432843937,
          "median": 90.0,
          "p10": 30.0,
          "p90": 150.0
        },
        "open_to_work": {
          "mean": 0.317926409280406,
          "median": 0.0,
          "p10": 0.0,
          "p90": 1.0
        },
        "response_rate": {
          "mean": 0.42170382454232486,
          "median": 0.43,
          "p10": 0.13,
          "p90": 0.71
        },
        "response_time_hours": {
          "mean": 145.20784846837032,
          "median": 146.7,
          "p10": 36.620000000000005,
          "p90": 253.1
        },
        "saved_by_recruiters": {
          "mean": 5.974805147725213,
          "median": 6.0,
          "p10": 1.0,
          "p90": 11.0
        },
        "willing_to_relocate": {
          "mean": 0.28185608120355266,
          "median": 0.0,
          "p10": 0.0,
          "p90": 1.0
        }
      }
    },
    "general_professional": {
      "candidate_count": 63304,
      "features": {
        "inactive_days": {
          "mean": 124.66716163275622,
          "median": 124.0,
          "p10": 28.0,
          "p90": 222.0
        },
        "interview_completion": {
          "mean": 0.5905083407051704,
          "median": 0.59,
          "p10": 0.36,
          "p90": 0.82
        },
        "notice_period_days": {
          "mean": 85.63913812713257,
          "median": 90.0,
          "p10": 30.0,
          "p90": 150.0
        },
        "open_to_work": {
          "mean": 0.32239668899279667,
          "median": 0.0,
          "p10": 0.0,
          "p90": 1.0
        },
        "response_rate": {
          "mean": 0.41594085681789217,
          "median": 0.42,
          "p10": 0.12,
          "p90": 0.71
        },
        "response_time_hours": {
          "mean": 143.8230269809161,
          "median": 143.8,
          "p10": 35.4,
          "p90": 252.8
        },
        "saved_by_recruiters": {
          "mean": 5.992101604953874,
          "median": 6.0,
          "p10": 1.0,
          "p90": 11.0
        },
        "willing_to_relocate": {
          "mean": 0.27772336661190444,
          "median": 0.0,
          "p10": 0.0,
          "p90": 1.0
        }
      }
    },
    "general_software": {
      "candidate_count": 25000,
      "features": {
        "inactive_days": {
          "mean": 95.18592,
          "median": 95.0,
          "p10": 23.0,
          "p90": 168.0
        },
        "interview_completion": {
          "mean": 0.6748732000000072,
          "median": 0.67,
          "p10": 0.45,
          "p90": 0.89
        },
        "notice_period_days": {
          "mean": 93.7956,
          "median": 90.0,
          "p10": 30.0,
          "p90": 150.0
        },
        "open_to_work": {
          "mean": 0.39504,
          "median": 0.0,
          "p10": 0.0,
          "p90": 1.0
        },
        "response_rate": {
          "mean": 0.47407119999997516,
          "median": 0.47,
          "p10": 0.17000000000000004,
          "p90": 0.77
        },
        "response_time_hours": {
          "mean": 113.42776799999976,
          "median": 113.7,
          "p10": 28.09000000000001,
          "p90": 199.1
        },
        "saved_by_recruiters": {
          "mean": 9.9348,
          "median": 10.0,
          "p10": 2.0,
          "p90": 18.0
        },
        "willing_to_relocate": {
          "mean": 0.29908,
          "median": 0.0,
          "p10": 0.0,
          "p90": 1.0
        }
      }
    },
    "generic_ml": {
      "candidate_count": 1000,
      "features": {
        "inactive_days": {
          "mean": 50.203,
          "median": 50.0,
          "p10": 9.0,
          "p90": 94.0
        },
        "interview_completion": {
          "mean": 0.7452300000000003,
          "median": 0.74,
          "p10": 0.55,
          "p90": 0.95
        },
        "notice_period_days": {
          "mean": 76.5,
          "median": 60.0,
          "p10": 30.0,
          "p90": 120.0
        },
        "open_to_work": {
          "mean": 0.644,
          "median": 1.0,
          "p10": 0.0,
          "p90": 1.0
        },
        "response_rate": {
          "mean": 0.5845099999999996,
          "median": 0.58,
          "p10": 0.32,
          "p90": 0.84
        },
        "response_time_hours": {
          "mean": 56.93209999999997,
          "median": 57.25,
          "p10": 7.8,
          "p90": 107.34000000000002
        },
        "saved_by_recruiters": {
          "mean": 24.354,
          "median": 25.0,
          "p10": 6.0,
          "p90": 41.0
        },
        "willing_to_relocate": {
          "mean": 0.382,
          "median": 0.0,
          "p10": 0.0,
          "p90": 1.0
        }
      }
    },
    "senior_explicit_ai": {
      "candidate_count": 21,